precinct,ballot_type,registered_voters,ballots_cast,turnout,KEITH_JUDD,MICHAEL_STEINBERG,BERNIE_SANDERS,WILLIE_WILSON,ROQUE_DE_LA_FUENTE,HILLARY_CLINTON,HENRY_HEWES,WRITE_IN,over_votes,under_votes
1101,Election_Day,297,76,25.59,,,40,,,35,,,,1
1101,VBM,297,134,45.12,,,68,3,,62,,,,1
1102,Election_Day,555,232,41.8,,,121,,,110,,,,1
1102,VBM,555,246,44.32,,,108,,,129,1,3,,5
1103,Election_Day,536,168,31.34,,,75,,,91,1,,,1
1103,VBM,536,252,47.01,,1,96,,1,144,,4,,6
1106,Election_Day,426,140,32.86,,,91,2,,44,,,,3
1106,VBM,426,186,43.66,,,72,,,106,2,,,6
1107,Election_Day,432,120,27.78,,,76,,,43,,,,1
1107,VBM,432,188,43.52,,,97,,,87,,1,1,2
1108,Election_Day,574,144,25.09,,,75,,,69,,,,
1108,VBM,574,283,49.3,,1,107,,,174,,,,1
1109,Election_Day,436,122,27.98,1,,60,,1,60,,,,
1109,VBM,436,199,45.64,,,99,,,95,1,,1,3
1111,Election_Day,490,128,26.12,,,64,,1,63,,,,
1111,VBM,490,204,41.63,,,100,1,,101,,,,2
1112,Election_Day,353,102,28.9,,,50,1,1,47,2,,,1
1112,VBM,353,162,45.89,,,70,,,91,,,,1
1113,Election_Day,314,80,25.48,,1,46,,,31,1,,,1
1113,VBM,314,146,46.5,,1,64,,2,77,,,1,1
1114,Election_Day,516,144,27.91,1,,63,,,73,1,1,,5
1114,VBM,516,207,40.12,,,84,1,2,116,1,3,,
1115,Election_Day,462,128,27.71,,,71,2,,54,,,,1
1115,VBM,462,221,47.84,,1,106,1,,106,,,1,6
1116,Election_Day,486,137,28.19,,,72,,,64,,,,1
1116,VBM,486,186,38.27,,,78,2,1,104,,1,,
1117,Election_Day,504,142,28.17,,,77,,,64,,,,1
1117,VBM,504,194,38.49,,1,72,,,116,,2,,3
1118,Election_Day,563,163,28.95,,,106,,2,52,1,,,2
1118,VBM,563,235,41.74,,,94,,1,137,,1,,2
1119,Election_Day,422,110,26.07,,,67,,,42,,,,1
1119,VBM,422,182,43.13,,,84,1,,90,,5,,2
1121,Election_Day,348,105,30.17,,,72,,,31,,1,,1
1121,VBM,348,150,43.1,,,69,,,77,,,,4
1122,Election_Day,280,95,33.93,,,44,,,47,,2,,2
1122,VBM,280,122,43.57,,1,58,,,57,,,,6
1123,Election_Day,491,134,27.29,,1,80,,1,50,,,1,1
1123,VBM,491,193,39.31,,1,84,1,1,106,,,,
1124,Election_Day,418,134,32.06,,2,74,,,57,,,,1
1124,VBM,418,144,34.45,,,59,,3,81,1,,,
1125,Election_Day,537,108,20.11,,,72,,,33,1,,,2
1125,VBM,537,220,40.97,,,73,,1,136,2,2,,6
1126,Election_Day,479,136,28.39,,1,59,,1,73,,,,2
1126,VBM,479,204,42.59,,,67,,,134,,,,3
1127,Election_Day,469,130,27.72,,,64,,,65,,,,1
1127,VBM,469,186,39.66,,,87,,,93,,,1,5
1128,Election_Day,413,99,23.97,,,53,,,46,,,,
1128,VBM,413,168,40.68,,,82,,,80,2,,,4
1129,Election_Day,453,118,26.05,,,62,,,53,,2,,1
1129,VBM,453,201,44.37,1,1,69,,,125,,2,,3
1131,Election_Day,418,100,23.92,,,55,,,45,,,,
1131,VBM,418,200,47.85,,,54,,,139,,,2,5
1132,Election_Day,458,128,27.95,,,61,,1,63,,2,,1
1132,VBM,458,239,52.18,,,89,,1,134,1,2,1,11
1133,Election_Day,483,112,23.19,,,57,,,54,,,,1
1133,VBM,483,218,45.13,,,105,1,,104,,,,8
1134,Election_Day,398,127,31.91,,1,67,,,55,1,,,3
1134,VBM,398,152,38.19,,1,62,,3,81,1,1,,3
1135,Election_Day,268,78,29.1,,,31,,,45,,2,,
1135,VBM,268,130,48.51,,,46,,,82,,1,,1
1136,Election_Day,423,87,20.57,,,53,,1,30,,1,,2
1136,VBM,423,216,51.06,,,79,1,1,130,1,1,,3
1141,Election_Day,542,135,24.91,,,78,,,57,,,,
1141,VBM,542,288,53.14,,1,132,2,,145,1,,1,6
1142,Election_Day,433,131,30.25,,,68,,,63,,,,
1142,VBM,433,186,42.96,,1,94,,,88,,,1,2
1143,Election_Day,550,195,35.45,,,118,,,76,,1,,
1143,VBM,550,242,44,,4,98,,,130,,2,2,6
1144,Election_Day,502,158,31.47,,,84,,,72,,1,,1
1144,VBM,502,212,42.23,,,109,,,102,,1,,
1145,Election_Day,544,157,28.86,,,94,,,62,,,,1
1145,VBM,544,288,52.94,,,116,,,164,2,1,,5
1146,Election_Day,487,140,28.75,,1,79,,,59,,,,1
1146,VBM,487,252,51.75,,,105,1,,142,,2,,2
1147,Election_Day,487,153,31.42,,,86,,,65,,,,2
1147,VBM,487,219,44.97,,,108,,,108,,,,3
1148,Election_Day,486,141,29.01,,,77,,1,62,,,,1
1148,VBM,486,196,40.33,,,97,1,1,94,,1,,2
1149,Election_Day,519,174,33.53,,,107,,,66,,1,,
1149,VBM,519,212,40.85,,,91,1,,115,1,,1,3
1151,Election_Day,0,0,0,,,,,,,,,,
1151,VBM,0,0,0,,,,,,,,,,
1152,Election_Day,442,143,32.35,,,80,,,58,,,1,4
1152,VBM,442,191,43.21,,1,63,3,,120,2,,1,1
1153,Election_Day,483,136,28.16,,,80,,,53,,,,3
1153,VBM,483,198,40.99,1,,97,,,92,3,,1,4
1154,Election_Day,0,0,0,,,,,,,,,,
1154,VBM,0,0,0,,,,,,,,,,
7001,Election_Day,391,132,33.76,,,67,,1,62,,,,2
7001,VBM,391,185,47.31,,,81,,,103,,1,,
7002,Election_Day,530,166,31.32,,,98,,,68,,,,
7002,VBM,530,246,46.42,,,98,,,144,1,,,3
7003,Election_Day,529,200,37.81,,,106,,,94,,,,
7003,VBM,529,291,55.01,,,126,,,161,,,,4
7004,Election_Day,524,183,34.92,,,84,,,98,,,,1
7004,VBM,524,262,50,,,100,,,159,,1,1,1
7005,Election_Day,520,223,42.88,,,89,,1,129,1,1,,2
7005,VBM,520,224,43.08,,,89,,,134,,,,1
7006,Election_Day,548,220,40.15,,,158,,,61,,1,,
7006,VBM,548,253,46.17,,,138,,,109,,1,,5
7007,Election_Day,604,261,43.21,,,140,,,120,,1,,
7007,VBM,604,290,48.01,,1,114,,,174,,,,1
7008,Election_Day,519,197,37.96,,,81,,1,115,,,,
7008,VBM,519,299,57.61,,,97,,1,200,,,,1
7009,Election_Day,550,159,28.91,,,99,,,59,,,,1
7009,VBM,550,268,48.73,,,124,,,141,,1,,2
7011,Election_Day,671,163,24.29,,1,87,,,71,,1,1,2
7011,VBM,671,184,27.42,,,70,,,112,1,,,1
7012,Election_Day,639,230,35.99,,,110,,,119,,,,1
7012,VBM,639,301,47.1,,,123,,,172,,2,,4
7013,Election_Day,408,116,28.43,,,58,,1,57,,,,
7013,VBM,408,221,54.17,,,94,,,125,,,,2
7014,Election_Day,588,234,39.8,,,105,,,125,1,,,3
7014,VBM,588,294,50,,,123,,,170,,,,1
7015,Election_Day,52,2,3.85,,,2,,,,,,,
7015,VBM,52,34,65.38,,,25,1,,8,,,,
7016,Election_Day,527,114,21.63,,,70,,,44,,,,
7016,VBM,527,159,30.17,,,58,,,96,,1,,4
7017,Election_Day,501,78,15.57,,,39,1,,36,,,1,1
7017,VBM,501,125,24.95,,,41,,1,81,,,1,1
7018,Election_Day,499,96,19.24,,,56,,,39,,,,1
7018,VBM,499,221,44.29,,1,83,,,132,1,,1,3
7019,Election_Day,563,130,23.09,1,,60,,,69,,,,
7019,VBM,563,251,44.58,,,88,,,160,,1,,2
7021,Election_Day,599,139,23.21,,,76,,1,56,1,2,,3
7021,VBM,599,180,30.05,,,69,1,,105,,1,,4
7022,Election_Day,636,154,24.21,,,79,,,75,,,,
7022,VBM,636,206,32.39,,,81,,2,122,,,,1
7023,Election_Day,619,130,21,,,64,1,1,64,,,,
7023,VBM,619,216,34.89,,,75,,,133,1,,,7
7024,Election_Day,187,17,9.09,,,6,,,11,,,,
7024,VBM,187,20,10.7,,,5,,,15,,,,
7025,Election_Day,300,57,19,,,32,,,23,1,,,1
7025,VBM,300,79,26.33,,,37,,,41,,,,1
7026,Election_Day,488,102,20.9,,1,53,,,45,,,,3
7026,VBM,488,227,46.52,,,75,1,,147,,,,4
7027,Election_Day,513,133,25.93,,,65,,1,66,,,,1
7027,VBM,513,183,35.67,,1,64,1,,116,,,,1
7028,Election_Day,574,140,24.39,,,63,,1,76,,,,
7028,VBM,574,147,25.61,1,,62,,,82,1,,1,
7029,Election_Day,604,102,16.89,,,39,1,,61,,1,,
7029,VBM,604,139,23.01,,,51,2,,85,,,,1
7030,Election_Day,345,67,19.42,,,34,,,33,,,,
7030,VBM,345,160,46.38,,1,55,1,,94,1,2,,6
7031,Election_Day,210,36,17.14,,,18,,,18,,,,
7031,VBM,210,118,56.19,,1,44,,,70,1,2,,
7032,Election_Day,566,124,21.91,,,58,,,66,,,,
7032,VBM,566,185,32.69,,,72,,,110,,,,3
7033,Election_Day,526,138,26.24,,,72,,1,63,1,,,1
7033,VBM,526,133,25.29,,,54,,,79,,,,
7034,Election_Day,586,90,15.36,,,35,1,,51,1,,,2
7034,VBM,586,127,21.67,,,43,,,82,,,1,1
7035,Election_Day,251,68,27.09,,,30,1,,36,,1,,
7035,VBM,251,95,37.85,,,23,,,70,,1,,1
7036,Election_Day,464,81,17.46,,,47,1,,33,,,,
7036,VBM,464,166,35.78,,,41,,,118,,1,1,5
7037,Election_Day,461,80,17.35,,,33,,,44,,,,3
7037,VBM,461,52,11.28,,,17,2,1,31,,1,,
7038,Election_Day,456,81,17.76,,,33,,,48,,,,
7038,VBM,456,171,37.5,1,,64,2,,100,1,,1,2
7039,Election_Day,441,151,34.24,,1,80,,,70,,,,
7039,VBM,441,146,33.11,,1,49,,,92,,,,4
7041,Election_Day,30,3,10,,,3,,,,,,,
7041,VBM,30,13,43.33,,,5,,,8,,,,
7042,Election_Day,362,88,24.31,,,47,,,39,,,,2
7042,VBM,362,160,44.2,,,64,,,91,,,,5
7043,Election_Day,524,96,18.32,,,57,,,39,,,,
7043,VBM,524,204,38.93,,,73,1,1,126,,,,3
7044,Election_Day,496,81,16.33,,,34,,,44,,,1,2
7044,VBM,496,80,16.13,,,32,,,48,,,,
7045,Election_Day,378,81,21.43,,,49,1,,29,1,,,1
7045,VBM,378,165,43.65,,,58,,,101,2,,,4
7046,Election_Day,244,58,23.77,,,31,,,27,,,,
7046,VBM,244,111,45.49,,,42,1,,64,2,,,2
7047,Election_Day,426,84,19.72,,,48,1,,33,1,,,1
7047,VBM,426,202,47.42,,2,72,,1,126,,,,1
7048,Election_Day,466,95,20.39,,,39,1,,54,,,,1
7048,VBM,466,149,31.97,,,35,,,107,3,,2,2
7049,Election_Day,371,94,25.34,,,38,1,,54,,,,1
7049,VBM,371,134,36.12,,,51,1,,76,,,,6
7051,Election_Day,405,68,16.79,,,31,,,36,,,,1
7051,VBM,405,193,47.65,,,72,4,,111,,2,,4
7052,Election_Day,416,117,28.13,,2,58,,,54,,1,,2
7052,VBM,416,185,44.47,,,71,,,109,,1,,4
7053,Election_Day,225,38,16.89,,,25,,,13,,,,
7053,VBM,225,125,55.56,,,44,,,78,,1,,2
7054,Election_Day,633,170,26.86,,,89,1,,77,1,,2,
7054,VBM,633,206,32.54,,,87,,,113,,1,,5
7101,Election_Day,98,8,8.16,,,5,,,3,,,,
7101,VBM,98,75,76.53,,,34,,1,40,,,,
7201,Election_Day,476,148,31.09,,,66,,1,81,,,,
7201,VBM,476,250,52.52,,1,77,1,,167,,1,1,2
7202,Election_Day,393,159,40.46,,,69,,,89,,,,1
7202,VBM,393,166,42.24,,1,64,,1,98,,,,2
7203,Election_Day,448,194,43.3,,,82,,,112,,,,
7203,VBM,448,177,39.51,,,68,,,105,,,1,3
7204,Election_Day,464,137,29.53,,,56,,,79,,,,2
7204,VBM,464,271,58.41,,,85,,,186,,,,
7205,Election_Day,452,143,31.64,,,50,1,,92,,,,
7205,VBM,452,221,48.89,1,,52,,,167,,,,1
7206,Election_Day,203,81,39.9,,,30,,,51,,,,
7206,VBM,203,82,40.39,,,35,,,47,,,,
7207,Election_Day,331,102,30.82,,,47,,,55,,,,
7207,VBM,331,151,45.62,,,64,,,83,,1,,3
7208,Election_Day,334,107,32.04,,,44,,,61,1,,,1
7208,VBM,334,157,47.01,,,60,,1,93,1,,,2
7209,Election_Day,279,57,20.43,,,29,,,27,1,,,
7209,VBM,279,208,74.55,,1,52,,,151,1,,,3
7301,Election_Day,496,126,25.4,,,68,2,,55,,1,,
7301,VBM,496,238,47.98,,1,103,,,132,,,,2
7302,Election_Day,394,124,31.47,,1,48,,,73,,,,2
7302,VBM,394,249,63.2,,,86,,,156,1,,1,5
7303,Election_Day,479,183,38.2,,,90,,,92,,,,1
7303,VBM,479,227,47.39,,,91,,,131,,1,1,3
7304,Election_Day,518,179,34.56,,,85,,,93,,1,,
7304,VBM,518,251,48.46,,,88,1,,156,,3,,3
7305,Election_Day,446,186,41.7,,,80,,,105,,,,1
7305,VBM,446,214,47.98,,,85,,,127,,,,2
7306,Election_Day,488,166,34.02,,,93,,,70,1,,,2
7306,VBM,488,239,48.98,,,119,,1,118,,,1,
7307,Election_Day,399,150,37.59,,1,83,,,65,,1,,
7307,VBM,399,182,45.61,,1,79,,,100,,,,2
7308,Election_Day,352,143,40.63,1,,65,,,77,,,,
7308,VBM,352,167,47.44,,,64,,,101,,,,2
7309,Election_Day,446,177,39.69,,,84,,,92,,,,1
7309,VBM,446,168,37.67,,,68,,,98,,1,,1
7311,Election_Day,470,195,41.49,,,86,,,106,1,,,2
7311,VBM,470,221,47.02,,,65,,,151,,3,,2
7312,Election_Day,444,134,30.18,,,44,,,89,,,,1
7312,VBM,444,266,59.91,,,93,,1,169,,,,3
7313,Election_Day,484,139,28.72,,,74,,,63,,1,,1
7313,VBM,484,219,45.25,,,88,,,127,,,,4
7314,Election_Day,293,80,27.3,,,43,,,36,,,,1
7314,VBM,293,160,54.61,,,50,,,107,,1,,2
7315,Election_Day,373,148,39.68,,,82,,,64,,,,2
7315,VBM,373,153,41.02,,,67,,,84,,,,2
7316,Election_Day,415,128,30.84,,,76,,,50,,1,1,
7316,VBM,415,204,49.16,,,110,1,,84,1,,,8
7317,Election_Day,444,140,31.53,,,82,,,57,,,,1
7317,VBM,444,234,52.7,,,83,3,,143,,,1,4
7318,Election_Day,347,138,39.77,,,62,,,75,,,,1
7318,VBM,347,178,51.3,,,61,,,111,,1,1,4
7319,Election_Day,516,181,35.08,,,81,,,97,2,,,1
7319,VBM,516,221,42.83,,,97,,,119,1,,,4
7321,Election_Day,282,77,27.3,,,39,,,37,,,,1
7321,VBM,282,143,50.71,,,53,,,88,,1,,1
7322,Election_Day,358,54,15.08,,,31,1,,20,,,1,1
7322,VBM,358,176,49.16,,,48,2,,120,1,1,1,3
7323,Election_Day,406,154,37.93,,,69,,,83,,,,2
7323,VBM,406,190,46.8,,,76,,1,111,1,1,,
7324,Election_Day,322,108,33.54,,,55,,,53,,,,
7324,VBM,322,155,48.14,,,64,,,90,,,,1
7325,Election_Day,462,128,27.71,,,63,,,65,,,,
7325,VBM,462,227,49.13,,1,97,1,,128,,,,
7326,Election_Day,400,153,38.25,1,,83,,,69,,,,
7326,VBM,400,175,43.75,,,73,,1,100,,,,1
7327,Election_Day,259,54,20.85,,1,28,1,,23,,1,,
7327,VBM,259,161,62.16,,,48,1,,102,,,,10
7328,Election_Day,351,68,19.37,,,40,,,26,,,,2
7328,VBM,351,216,61.54,,1,44,5,,153,1,,1,11
7329,Election_Day,235,57,24.26,,,29,,,28,,,,
7329,VBM,235,134,57.02,,1,41,1,,87,1,1,,2
7331,Election_Day,419,146,34.84,,,51,,,95,,,,
7331,VBM,419,238,56.8,,,53,1,1,181,,,,2
7332,Election_Day,415,169,40.72,,,80,,,84,,,,5
7332,VBM,415,184,44.34,,,79,,,101,,1,1,2
7333,Election_Day,500,206,41.2,,,101,,,104,,,,1
7333,VBM,500,207,41.4,,,73,,,131,,,,3
7334,Election_Day,467,156,33.4,,,95,,1,60,,,,
7334,VBM,467,214,45.82,,,93,,,119,,,,2
7335,Election_Day,452,148,32.74,,,84,,,64,,,,
7335,VBM,452,243,53.76,,,105,,1,133,1,,,3
7336,Election_Day,444,171,38.51,,,85,,,85,,1,,
7336,VBM,444,237,53.38,,,82,,,149,,1,,5
7337,Election_Day,416,118,28.37,,,47,1,,68,,1,,1
7337,VBM,416,245,58.89,,,83,,,159,,,,3
7338,Election_Day,373,107,28.69,,,50,,,55,,,1,1
7338,VBM,373,226,60.59,,,61,1,,149,2,3,1,9
7339,Election_Day,316,121,38.29,,,75,,,43,1,2,,
7339,VBM,316,128,40.51,,,59,1,,65,,,,3
7341,Election_Day,472,172,36.44,,,88,,,81,,1,,2
7341,VBM,472,193,40.89,,,95,,1,94,1,,,2
7342,Election_Day,504,247,49.01,,,132,,,112,,,1,2
7342,VBM,504,198,39.29,,,94,,,101,,,,3
7343,Election_Day,396,160,40.4,,,96,,,64,,,,
7343,VBM,396,154,38.89,,,80,,,72,,1,,1
7344,Election_Day,572,188,32.87,,,104,,,83,,,,1
7344,VBM,572,292,51.05,,1,140,,,149,,1,,1
7345,Election_Day,610,221,36.23,,,126,,,94,,,,1
7345,VBM,610,271,44.43,,,138,,,129,,2,,2
7346,Election_Day,527,199,37.76,,,121,,,78,,,,
7346,VBM,527,197,37.38,,,105,,,90,,1,,1
7347,Election_Day,568,183,32.22,,,112,,,71,,,,
7347,VBM,568,279,49.12,,,150,,,128,,,,1
7348,Election_Day,459,130,28.32,,,69,,,59,,1,,1
7348,VBM,459,186,40.52,,1,98,,,85,,,,2
7349,Election_Day,496,170,34.27,,,90,,,79,,,,1
7349,VBM,496,235,47.38,,,100,,,134,,,,1
7501,Election_Day,305,129,42.3,,,52,,,77,,,,
7501,VBM,305,125,40.98,,,38,,,85,,1,1,
7502,Election_Day,423,146,34.52,,,70,,,76,,,,
7502,VBM,423,209,49.41,,,72,1,,133,,,1,2
7503,Election_Day,424,145,34.2,,,63,,,80,,,,2
7503,VBM,424,167,39.39,,,62,,,104,,,,1
7504,Election_Day,271,90,33.21,,,38,1,,49,1,,,1
7504,VBM,271,112,41.33,,,27,,,80,1,,,4
7505,Election_Day,510,133,26.08,,,51,,,81,,,,1
7505,VBM,510,316,61.96,,,64,2,1,245,1,,,3
7506,Election_Day,588,190,32.31,,1,92,,,95,,,,2
7506,VBM,588,224,38.1,1,3,126,1,,89,1,,,3
7507,Election_Day,585,139,23.76,1,,70,1,,63,1,,,3
7507,VBM,585,195,33.33,,,99,,,94,,,1,1
7508,Election_Day,399,99,24.81,,,47,,,52,,,,
7508,VBM,399,242,60.65,,,92,,,146,,1,,3
7512,Election_Day,344,92,26.74,,2,33,3,,53,,,,1
7512,VBM,344,166,48.26,1,1,67,2,,91,,,1,3
7513,Election_Day,466,158,33.91,,1,81,,,75,,,1,
7513,VBM,466,153,32.83,2,1,67,1,,78,,2,,2
7514,Election_Day,533,90,16.89,,,32,,,56,,,1,1
7514,VBM,533,159,29.83,,,35,1,,121,,,,2
7515,Election_Day,553,152,27.49,,,63,1,1,85,,1,,1
7515,VBM,553,231,41.77,,,85,,1,140,,,,5
7516,Election_Day,504,149,29.56,,,68,,,81,,,,
7516,VBM,504,293,58.13,,,114,,1,172,,2,,4
7517,Election_Day,571,255,44.66,1,,142,,,111,,,,1
7517,VBM,571,258,45.18,,,125,,,131,,,1,1
7518,Election_Day,599,274,45.74,,,160,,,114,,,,
7518,VBM,599,262,43.74,1,,121,,,140,,,,
7519,Election_Day,481,213,44.28,,,134,,,79,,,,
7519,VBM,481,188,39.09,,,105,,,83,,,,
7521,Election_Day,514,234,45.53,,,128,,,104,,1,,1
7521,VBM,514,205,39.88,,,96,,,107,,,,2
7522,Election_Day,527,228,43.26,,,130,,,98,,,,
7522,VBM,527,245,46.49,,,128,,,111,,1,,5
7523,Election_Day,456,241,52.85,,,154,,,87,,,,
7523,VBM,456,184,40.35,,,92,,,90,,,,2
7524,Election_Day,423,163,38.53,,,81,,,82,,,,
7524,VBM,423,156,36.88,1,,69,,,84,,1,,1
7525,Election_Day,535,159,29.72,,,85,,,74,,,,
7525,VBM,535,194,36.26,,,84,,,107,,,,3
7526,Election_Day,569,198,34.8,,,100,,,98,,,,
7526,VBM,569,305,53.6,,,132,,,167,1,1,,4
7529,Election_Day,571,239,41.86,,,130,1,1,106,,,,1
7529,VBM,571,257,45.01,,,129,,1,126,,,,1
7531,Election_Day,541,233,43.07,,,142,,,91,,,,
7531,VBM,541,236,43.62,,,138,,,96,,,1,1
7532,Election_Day,490,200,40.82,,1,87,,,111,,,,1
7532,VBM,490,210,42.86,1,1,97,,,109,1,,,1
7533,Election_Day,605,310,51.24,,,198,,,111,,1,,
7533,VBM,605,250,41.32,1,,138,,1,105,,,,5
7534,Election_Day,559,270,48.3,,,181,,,87,,,,2
7534,VBM,559,241,43.11,,,137,,,98,2,,,4
7535,Election_Day,489,234,47.85,,,140,,,93,,,,1
7535,VBM,489,202,41.31,,,117,,,84,,,,1
7536,Election_Day,528,241,45.64,,,152,,,86,1,,,2
7536,VBM,528,259,49.05,,,123,,,132,1,1,,2
7537,Election_Day,484,211,43.6,,,130,,,81,,,,
7537,VBM,484,211,43.6,,,97,,,113,,,,1
7538,Election_Day,519,229,44.12,,,139,,,90,,,,
7538,VBM,519,243,46.82,,,121,,,120,,,,2
7539,Election_Day,562,297,52.85,,,170,,,125,,1,,1
7539,VBM,562,224,39.86,,,120,,,103,,1,,
7541,Election_Day,506,206,40.71,,,121,,,85,,,,
7541,VBM,506,238,47.04,,,126,,,111,,1,,
7542,Election_Day,546,244,44.69,,,143,,,101,,,,
7542,VBM,546,226,41.39,,,125,,1,98,,1,,1
7543,Election_Day,614,193,31.43,,,109,,,84,,,,
7543,VBM,614,292,47.56,,,123,,,169,,,,
7544,Election_Day,564,198,35.11,,,110,,,88,,,,
7544,VBM,564,267,47.34,,,123,1,,142,,1,,
7545,Election_Day,546,196,35.9,,,109,,,87,,,,
7545,VBM,546,254,46.52,,,111,,1,140,,,,2
7546,Election_Day,541,266,49.17,,,155,,1,109,,1,,
7546,VBM,541,245,45.29,,,110,,,135,,,,
7547,Election_Day,661,273,41.3,,,161,,,107,,1,,4
7547,VBM,661,287,43.42,,1,161,,,122,,1,,2
7548,Election_Day,662,259,39.12,,1,143,,,115,,,,
7548,VBM,662,330,49.85,,,171,,,159,,,,
7549,Election_Day,511,197,38.55,,,98,,,97,,2,,
7549,VBM,511,232,45.4,,,109,,,118,,,,5
7551,Election_Day,445,211,47.42,,,108,,,101,1,,,1
7551,VBM,445,202,45.39,,,96,,,105,,1,,
7552,Election_Day,451,190,42.13,,,85,,,103,,,,2
7552,VBM,451,205,45.45,,,92,,,113,,,,
7553,Election_Day,105,3,2.86,,,2,,,1,,,,
7553,VBM,105,81,77.14,,,27,,,52,,,,2
7554,Election_Day,558,211,37.81,,,84,,,125,,,,2
7554,VBM,558,284,50.9,,,88,,,196,,,,
7555,Election_Day,585,229,39.15,,,88,,,141,,,,
7555,VBM,585,283,48.38,,,101,,,181,,1,,
7601,Election_Day,455,136,29.89,,2,75,1,,56,,,,2
7601,VBM,455,136,29.89,,1,67,1,,65,1,,,1
7602,Election_Day,530,171,32.26,,,107,,,62,,,,2
7602,VBM,530,201,37.92,,,109,,,90,,,,2
7603,Election_Day,505,179,35.45,,,108,,1,70,,,,
7603,VBM,505,210,41.58,,,112,,,97,,1,,
7604,Election_Day,491,170,34.62,,,99,,,69,,,,2
7604,VBM,491,194,39.51,,,92,,,99,,3,,
7605,Election_Day,400,117,29.25,,,50,,,62,1,1,,3
7605,VBM,400,124,31,,4,48,,,69,1,,,2
7606,Election_Day,512,121,23.63,,,72,,,48,,1,,
7606,VBM,512,181,35.35,,1,94,,,85,,,,1
7607,Election_Day,591,164,27.75,,,96,,1,63,2,,,2
7607,VBM,591,223,37.73,,,96,2,,123,,1,,1
7608,Election_Day,218,44,20.18,,,16,1,,26,,,1,
7608,VBM,218,77,35.32,,1,17,,,57,,1,,1
7609,Election_Day,452,75,16.59,,,30,,,42,,2,,1
7609,VBM,452,190,42.04,,,46,4,,132,,1,1,6
7611,Election_Day,450,87,19.33,,,40,,,46,,1,,
7611,VBM,450,157,34.89,,1,45,1,1,100,,3,1,5
7612,Election_Day,288,73,25.35,,,38,,,33,,,1,1
7612,VBM,288,116,40.28,,,44,1,,67,,,,4
7613,Election_Day,549,138,25.14,,,69,,,68,,,,1
7613,VBM,549,197,35.88,,,85,2,1,106,,1,,2
7614,Election_Day,639,154,24.1,,,89,2,,61,,,,2
7614,VBM,639,229,35.84,,1,111,,,113,,1,2,1
7615,Election_Day,549,90,16.39,,,43,,1,41,1,,1,3
7615,VBM,549,136,24.77,,1,52,1,,77,2,1,,2
7616,Election_Day,447,115,25.73,,,53,,,61,,1,,
7616,VBM,447,241,53.91,,,106,,1,133,,,,1
7617,Election_Day,463,87,18.79,,,36,,,48,,1,,2
7617,VBM,463,184,39.74,,,68,,,115,,,,1
7618,Election_Day,528,151,28.6,,,91,,,57,,2,,1
7618,VBM,528,254,48.11,,,110,,2,141,,,1,
7619,Election_Day,848,252,29.72,,,138,,,107,,1,1,5
7619,VBM,848,378,44.58,,,180,,1,194,,1,1,1
7621,Election_Day,542,155,28.6,,,90,,1,63,,1,,
7621,VBM,542,263,48.52,,,125,,,134,,3,1,
7622,Election_Day,601,103,17.14,,,60,,,41,,,,2
7622,VBM,601,157,26.12,1,,54,,,100,,1,,1
7623,Election_Day,442,109,24.66,,,59,,,50,,,,
7623,VBM,442,152,34.39,,,82,,,67,1,,1,1
7624,Election_Day,590,97,16.44,,,53,,,39,2,1,,2
7624,VBM,590,177,30,,,60,1,,112,1,,,3
7625,Election_Day,363,55,15.15,,1,16,,,38,,,,
7625,VBM,363,242,66.67,,2,44,,,180,,,1,15
7626,Election_Day,531,148,27.87,,,57,,,91,,,,
7626,VBM,531,286,53.86,,,83,,,202,,1,,
7627,Election_Day,582,173,29.73,,,73,,,100,,,,
7627,VBM,582,277,47.59,,1,79,,,195,,,,2
7628,Election_Day,583,169,28.99,,,93,,1,74,,,,1
7628,VBM,583,261,44.77,,,119,2,,136,,1,,3
7629,Election_Day,456,136,29.82,,,79,,,57,,,,
7629,VBM,456,171,37.5,,,80,,,90,,,,1
7631,Election_Day,567,174,30.69,,,101,,,72,,1,,
7631,VBM,567,256,45.15,,,106,,,148,,,,2
7632,Election_Day,375,139,37.07,,,74,,,64,,,,1
7632,VBM,375,171,45.6,,,74,,,97,,,,
7633,Election_Day,321,113,35.2,,,52,,,61,,,,
7633,VBM,321,175,54.52,,,49,,,121,,,,5
7634,Election_Day,461,130,28.2,,,48,,,79,,,,3
7634,VBM,461,242,52.49,,,85,,,157,,,,
7635,Election_Day,386,115,29.79,,,64,,,51,,,,
7635,VBM,386,200,51.81,,,79,,,118,1,,,2
7636,Election_Day,468,155,33.12,,,55,,,99,,,,1
7636,VBM,468,211,45.09,,,68,,,142,,,1,
7637,Election_Day,589,159,26.99,,,71,,,87,,,1,
7637,VBM,589,321,54.5,1,,118,,,202,,,,
7638,Election_Day,488,115,23.57,,,34,,,78,,2,,1
7638,VBM,488,278,56.97,,,75,1,,196,,3,,3
7639,Election_Day,469,145,30.92,,,63,,,82,,,,
7639,VBM,469,206,43.92,,,56,,,148,,,,2
7641,Election_Day,497,128,25.75,,2,40,,,85,,,,1
7641,VBM,497,263,52.92,,3,81,,,173,,2,,4
7642,Election_Day,469,124,26.44,,,61,,1,58,,,,4
7642,VBM,469,327,69.72,,1,83,1,1,238,,1,,2
7643,Election_Day,443,114,25.73,,,48,,,65,,,,1
7643,VBM,443,238,53.72,,,66,1,,164,,1,,6
7644,Election_Day,549,174,31.69,,1,88,,,83,,,1,1
7644,VBM,549,224,40.8,,,87,,1,134,,,,2
7645,Election_Day,334,79,23.65,,,33,,,45,,1,,
7645,VBM,334,210,62.87,,,58,,1,151,,,,
7646,Election_Day,900,252,28,,,133,,,116,,1,1,1
7646,VBM,900,488,54.22,,,183,,,302,,1,,2
7647,Election_Day,494,155,31.38,,,118,,,35,,1,,1
7647,VBM,494,145,29.35,,,85,,,60,,,,
7648,Election_Day,5,0,0,,,,,,,,,,
7648,VBM,5,2,40,,,,,,2,,,,
7701,Election_Day,558,256,45.88,,,135,,,120,,,,1
7701,VBM,558,267,47.85,,1,115,,,148,,1,,2
7702,Election_Day,408,145,35.54,,2,61,1,,80,1,,,
7702,VBM,408,236,57.84,,1,80,1,,150,,1,,3
7703,Election_Day,91,2,2.2,,,1,,,1,,,,
7703,VBM,91,40,43.96,,,10,,,28,1,,,1
7704,Election_Day,542,215,39.67,,,119,,,91,1,,,4
7704,VBM,542,285,52.58,1,,107,,,175,,1,,1
7705,Election_Day,304,126,41.45,,,64,,,61,,,,1
7705,VBM,304,163,53.62,,,46,,,114,,2,,1
7706,Election_Day,492,186,37.8,,,79,,,105,,1,,1
7706,VBM,492,278,56.5,,,100,,,174,,1,,3
7707,Election_Day,499,187,37.47,,,80,,,104,,,,3
7707,VBM,499,281,56.31,,1,111,1,,165,,,,3
7708,Election_Day,537,169,31.47,,,69,,,97,,2,,1
7708,VBM,537,286,53.26,,,104,1,,180,1,,,
7709,Election_Day,233,88,37.77,,,50,,,37,,,,1
7709,VBM,233,148,63.52,,,55,,,90,,1,,2
7711,Election_Day,477,172,36.06,,,74,,,97,,,,1
7711,VBM,477,249,52.2,,,99,,,148,,,,2
7712,Election_Day,351,130,37.04,,,69,,,60,,,,1
7712,VBM,351,183,52.14,,,79,,1,102,,,,1
7801,Election_Day,623,245,39.33,,,101,,,144,,,,
7801,VBM,623,343,55.06,,,119,,,221,,,,3
7802,Election_Day,501,211,42.12,,,75,,,136,,,,
7802,VBM,501,238,47.5,,,71,,,165,,,,2
7803,Election_Day,568,166,29.23,,,59,,,107,,,,
7803,VBM,568,365,64.26,,,113,,,249,,,,3
7804,Election_Day,607,250,41.19,,,90,,,158,,,,2
7804,VBM,607,322,53.05,,,101,,,220,,,,1
7805,Election_Day,585,198,33.85,,,93,,,105,,,,
7805,VBM,585,308,52.65,,,106,,,202,,,,
7806,Election_Day,517,184,35.59,,,90,,,93,,,,1
7806,VBM,517,244,47.2,,,113,,,130,,1,,
7807,Election_Day,507,236,46.55,,,108,,,128,,,,
7807,VBM,507,205,40.43,,,96,,,109,,,,
7808,Election_Day,462,201,43.51,,,82,,,117,,,,2
7808,VBM,462,200,43.29,,1,80,,,116,,,1,2
7809,Election_Day,659,256,38.85,,,127,,,128,,1,,
7809,VBM,659,323,49.01,,,147,,,174,,1,1,
7811,Election_Day,481,198,41.16,,,127,,,71,,,,
7811,VBM,481,215,44.7,,,110,,,101,2,1,,1
7812,Election_Day,554,213,38.45,,,103,,,108,,,,2
7812,VBM,554,264,47.65,,1,93,,,167,1,1,,1
7813,Election_Day,683,287,42.02,,,143,,,144,,,,
7813,VBM,683,328,48.02,,,138,,,188,,1,,1
7814,Election_Day,477,165,34.59,,,104,,,60,,,,1
7814,VBM,477,168,35.22,,,86,,,80,,1,1,
7815,Election_Day,638,210,32.92,1,,68,,,141,,,,
7815,VBM,638,357,55.96,,,110,,,243,1,,,3
7816,Election_Day,616,222,36.04,,,91,,,130,,,,1
7816,VBM,616,366,59.42,,,112,,,254,,,,
7817,Election_Day,574,258,44.95,,,117,,,139,,1,,1
7817,VBM,574,269,46.86,,,98,1,,168,,,,2
7818,Election_Day,565,222,39.29,,,107,,,114,,,,1
7818,VBM,565,285,50.44,,,104,,,180,,1,,
7819,Election_Day,484,196,40.5,,,96,,,97,,,2,1
7819,VBM,484,233,48.14,,,87,,,143,,,,3
7821,Election_Day,655,245,37.4,,,82,,,162,1,,,
7821,VBM,655,350,53.44,,,109,1,,230,,1,,9
7822,Election_Day,636,260,40.88,,,100,,1,157,1,1,,
7822,VBM,636,272,42.77,1,,106,,,163,,1,,1
7823,Election_Day,619,249,40.23,,,116,,,132,1,,,
7823,VBM,619,276,44.59,,,94,,,178,,,,4
7824,Election_Day,527,203,38.52,,,76,1,,121,,,,5
7824,VBM,527,234,44.4,,,88,,,144,,1,,1
7825,Election_Day,379,163,43.01,,,72,,1,90,,,,
7825,VBM,379,176,46.44,,,85,,,91,,,,
7826,Election_Day,475,206,43.37,,,102,,,104,,,,
7826,VBM,475,234,49.26,,,114,,,116,,1,,3
7827,Election_Day,547,237,43.33,,,158,1,,78,,,,
7827,VBM,547,237,43.33,,,121,,,115,,,,1
7828,Election_Day,609,212,34.81,,,81,,,131,,,,
7828,VBM,609,339,55.67,,,123,1,,212,1,1,,1
7829,Election_Day,595,199,33.45,,,76,,,122,,1,,
7829,VBM,595,347,58.32,,1,98,,,246,,,,2
7831,Election_Day,656,248,37.8,,,68,,,180,,,,
7831,VBM,656,336,51.22,,,102,,,229,,,,5
7832,Election_Day,535,209,39.07,,1,77,,,131,,,,
7832,VBM,535,292,54.58,,1,87,,,203,1,,,
7833,Election_Day,510,186,36.47,,,94,,,91,,,,1
7833,VBM,510,260,50.98,,,99,,,158,,,,3
7834,Election_Day,530,265,50,,,132,,,132,,,,1
7834,VBM,530,240,45.28,,,114,,,125,,,1,
7835,Election_Day,515,204,39.61,,,104,,,99,,1,,
7835,VBM,515,254,49.32,,,100,,1,151,,,,2
7836,Election_Day,611,234,38.3,,,115,,,118,,1,,
7836,VBM,611,336,54.99,,,124,,,209,,,,3
7837,Election_Day,590,236,40,,,85,,,149,,,,2
7837,VBM,590,316,53.56,,,95,,,219,,1,,1
7838,Election_Day,631,218,34.55,,,81,,,137,,,,
7838,VBM,631,374,59.27,,,108,,,263,,,,3
7839,Election_Day,569,199,34.97,,,82,,,116,1,,,
7839,VBM,569,314,55.18,,,91,,,221,,,,2
7841,Election_Day,619,253,40.87,,1,94,,1,155,,,,2
7841,VBM,619,323,52.18,,,102,,2,218,,,,1
7842,Election_Day,552,271,49.09,,,138,1,,130,,2,,
7842,VBM,552,261,47.28,1,,119,,2,136,,,,3
7843,Election_Day,482,216,44.81,,,112,,,101,,1,,2
7843,VBM,482,205,42.53,,,97,,,107,1,,,
7844,Election_Day,408,187,45.83,,,84,,,100,,,,3
7844,VBM,408,184,45.1,,,99,,,82,,2,,1
7845,Election_Day,595,216,36.3,,,93,,,122,,,,1
7845,VBM,595,293,49.24,,,97,,,194,,,,2
7846,Election_Day,593,233,39.29,,,96,1,,134,,1,,1
7846,VBM,593,289,48.74,,,101,,,186,,1,,1
7847,Election_Day,619,242,39.1,,,83,,,156,,1,,2
7847,VBM,619,298,48.14,,,111,,,186,,,,1
7848,Election_Day,576,228,39.58,,,98,,,128,,,,2
7848,VBM,576,297,51.56,,,99,1,,195,,1,,1
7849,Election_Day,606,279,46.04,,,126,,,152,,,,1
7849,VBM,606,296,48.84,,,109,,,185,,,,2
7851,Election_Day,299,94,31.44,,,45,,,49,,,,
7851,VBM,299,179,59.87,,,48,1,1,128,,,,1
7852,Election_Day,442,139,31.45,,,45,1,,90,,1,,2
7852,VBM,442,225,50.9,,,68,,,155,,1,,1
7853,Election_Day,546,196,35.9,,,73,1,,122,,,,
7853,VBM,546,280,51.28,,,74,,,205,,,,1
7854,Election_Day,601,233,38.77,,,101,,,131,,,,1
7854,VBM,601,294,48.92,,,109,,,179,,2,,4
7855,Election_Day,606,271,44.72,,,111,,,160,,,,
7855,VBM,606,268,44.22,,,92,,,172,1,,,3
7856,Election_Day,543,225,41.44,,,107,,,118,,,,
7856,VBM,543,270,49.72,,,103,,,166,,,,1
7857,Election_Day,591,222,37.56,,,125,,,95,,,,2
7857,VBM,591,306,51.78,2,,136,,2,163,,2,,1
7858,Election_Day,486,217,44.65,,1,122,,,93,,,,1
7858,VBM,486,212,43.62,,,106,,,106,,,,
7859,Election_Day,576,213,36.98,,,79,,,133,,1,,
7859,VBM,576,309,53.65,,,97,,,211,,,,1
7861,Election_Day,574,229,39.9,,,105,,,122,,1,,1
7861,VBM,574,286,49.83,,,106,,,176,,,,4
7862,Election_Day,591,256,43.32,,,115,2,,137,,1,,1
7862,VBM,591,288,48.73,,,110,,,174,,,,4
7863,Election_Day,565,254,44.96,,,125,,,127,,,,2
7863,VBM,565,241,42.65,,,108,,,131,,,,2
7864,Election_Day,477,201,42.14,,,111,,1,89,,,,
7864,VBM,477,224,46.96,,,88,,,130,1,1,,4
7865,Election_Day,553,241,43.58,,,125,,,115,,,,1
7865,VBM,553,265,47.92,,,121,,,138,,1,,5
7866,Election_Day,487,172,35.32,,,66,,,105,,,,1
7866,VBM,487,282,57.91,,1,93,1,,184,,,1,2
7867,Election_Day,628,232,36.94,,,100,,,131,1,,,
7867,VBM,628,286,45.54,,,94,,,189,,,,3
7868,Election_Day,576,188,32.64,,,70,1,,117,,,,
7868,VBM,576,276,47.92,,,94,,,180,,,1,1
7869,Election_Day,580,226,38.97,,,112,,,114,,,,
7869,VBM,580,303,52.24,,,103,,,195,1,,,4
7871,Election_Day,590,243,41.19,,,97,,,145,,,1,
7871,VBM,590,307,52.03,1,,113,,,192,,,,1
7872,Election_Day,618,264,42.72,,1,95,,1,165,,,,2
7872,VBM,618,308,49.84,,,101,,1,205,,1,,
7873,Election_Day,578,236,40.83,,,100,,,135,,,,1
7873,VBM,578,297,51.38,,,111,,,184,1,1,,
7874,Election_Day,315,116,36.83,,,62,,1,52,,,,1
7874,VBM,315,148,46.98,,,54,1,,90,,,,3
7875,Election_Day,358,92,25.7,,,55,,,37,,,,
7875,VBM,358,186,51.96,,,85,1,,98,1,,,1
7901,Election_Day,713,269,37.73,,,157,,,110,,,1,1
7901,VBM,713,271,38.01,1,,124,,,144,,1,,1
7902,Election_Day,578,238,41.18,,,148,,,85,,,,5
7902,VBM,578,208,35.99,,1,103,,,103,,,,1
7903,Election_Day,504,173,34.33,,,108,,,63,2,,,
7903,VBM,504,201,39.88,,1,90,2,,103,1,1,1,2
7904,Election_Day,528,166,31.44,,,103,,,62,,,,1
7904,VBM,528,216,40.91,,,107,,,108,,,,1
7905,Election_Day,519,202,38.92,,,128,,,73,,,,1
7905,VBM,519,224,43.16,,,116,,,106,1,1,,
7906,Election_Day,506,215,42.49,,,124,,,91,,,,
7906,VBM,506,200,39.53,,1,109,,,89,,,,1
7907,Election_Day,562,244,43.42,,,152,,,90,1,,,1
7907,VBM,562,257,45.73,,,129,,,128,,,,
7908,Election_Day,593,237,39.97,,,143,,1,92,,,,1
7908,VBM,593,229,38.62,,,105,,,121,1,,,2
7909,Election_Day,464,215,46.34,,,140,,,74,,,,1
7909,VBM,464,190,40.95,,1,102,,,86,,,,1
7911,Election_Day,533,234,43.9,,,141,,,92,,,,1
7911,VBM,533,235,44.09,,,130,,,104,,,,1
7912,Election_Day,636,251,39.47,,,160,,,86,,2,,3
7912,VBM,636,273,42.92,,,129,,,141,,,,3
7913,Election_Day,578,274,47.4,,,145,,,124,,2,,3
7913,VBM,578,221,38.24,,1,120,,,95,,2,,3
7914,Election_Day,578,255,44.12,,,164,,,90,,,,1
7914,VBM,578,247,42.73,,,149,,,97,,,,1
7915,Election_Day,482,225,46.68,,,138,,1,83,,,,3
7915,VBM,482,173,35.89,,,98,,,73,,,1,1
7916,Election_Day,555,249,44.86,,,147,1,,98,,,,3
7916,VBM,555,236,42.52,,,119,,1,116,,,,
7917,Election_Day,640,287,44.84,1,,196,2,,86,,1,,1
7917,VBM,640,248,38.75,,,154,,1,89,,,,4
7918,Election_Day,513,234,45.61,,,159,,,75,,,,
7918,VBM,513,209,40.74,,,130,,,77,,,,2
7919,Election_Day,544,264,48.53,,,158,,,105,,,1,
7919,VBM,544,202,37.13,,,120,,1,79,,,,2
7921,Election_Day,561,210,37.43,,,132,,,78,,,,
7921,VBM,561,200,35.65,,,97,,1,95,1,1,1,4
7922,Election_Day,525,211,40.19,,,144,,,65,,,,2
7922,VBM,525,241,45.9,,,134,,,104,,,1,2
7923,Election_Day,571,239,41.86,,,135,,,104,,,,
7923,VBM,571,245,42.91,,,122,,,117,,,1,5
7924,Election_Day,530,215,40.57,,,145,,,69,,,,1
7924,VBM,530,215,40.57,,1,124,,,88,,2,,
7925,Election_Day,370,143,38.65,,,90,,,52,,,,1
7925,VBM,370,175,47.3,,,87,,,87,,,,1
7926,Election_Day,549,208,37.89,,,122,,,85,,,,1
7926,VBM,549,251,45.72,,,123,,1,123,,1,,3
7927,Election_Day,540,229,42.41,,,126,,1,101,,,,1
7927,VBM,540,247,45.74,,,108,,,132,,2,,5
7928,Election_Day,608,289,47.53,,,174,,,113,1,,,1
7928,VBM,608,274,45.07,,1,148,,,123,,1,,1
7929,Election_Day,575,213,37.04,,,104,,,108,1,,,
7929,VBM,575,314,54.61,,,146,,,164,1,,,3
7931,Election_Day,514,196,38.13,,,96,,1,98,,,,1
7931,VBM,514,290,56.42,,,137,,,151,1,,,1
7932,Election_Day,333,125,37.54,,,59,1,,65,,,,
7932,VBM,333,179,53.75,,,75,,,100,1,,,3
7933,Election_Day,8,0,0,,,,,,,,,,
7933,VBM,8,6,75,,,1,,,5,,,,
7934,Election_Day,555,201,36.22,,,130,,1,69,,,1,
7934,VBM,555,279,50.27,,,141,,,138,,,,
7935,Election_Day,639,256,40.06,,,122,,,133,,,,1
7935,VBM,639,299,46.79,1,,134,,,162,1,1,,
7936,Election_Day,587,252,42.93,,,118,1,,132,,1,,
7936,VBM,587,268,45.66,,,116,,,149,,,,3
7937,Election_Day,600,230,38.33,,,123,1,,104,1,,,1
7937,VBM,600,279,46.5,,1,130,,,146,,,,2
7938,Election_Day,503,193,38.37,,,104,,,88,,,,1
7938,VBM,503,195,38.77,,,99,,1,93,,,1,1
7939,Election_Day,488,218,44.67,,,110,,,107,,1,,
7939,VBM,488,208,42.62,,,104,,,104,,,,
7941,Election_Day,508,194,38.19,,,101,,1,92,,,,
7941,VBM,508,235,46.26,,,109,,,122,,,,4
7942,Election_Day,579,207,35.75,,,109,,,98,,,,
7942,VBM,579,242,41.8,,1,94,,,143,,1,1,2
7943,Election_Day,564,215,38.12,,,96,,,118,,,,1
7943,VBM,564,241,42.73,,,105,,,133,,1,,2
7944,Election_Day,513,223,43.47,,,127,,,94,,,,2
7944,VBM,513,212,41.33,,,104,,,105,,,1,2
7945,Election_Day,548,106,19.34,,,56,,,50,,,,
7945,VBM,548,273,49.82,,1,112,,,160,,,,
7946,Election_Day,521,142,27.26,,,67,,,74,,,,1
7946,VBM,521,246,47.22,,,82,2,,154,,1,,7
7947,Election_Day,473,136,28.75,,,79,,,54,,,,3
7947,VBM,473,196,41.44,,1,74,,,116,,1,,4
7948,Election_Day,481,161,33.47,,,90,1,,67,1,,1,1
7948,VBM,481,209,43.45,,,79,,,124,,1,,5
7949,Election_Day,281,67,23.84,1,,43,,,23,,,,
7949,VBM,281,134,47.69,,,53,,,75,1,,,5
7951,Election_Day,403,106,26.3,,,55,,1,49,1,,,
7951,VBM,403,208,51.61,,,110,,,87,,2,1,8
7952,Election_Day,417,114,27.34,,,73,,,39,,,,2
7952,VBM,417,184,44.12,,,86,,,96,,,,2
7953,Election_Day,452,140,30.97,,,66,,,73,,,,1
7953,VBM,452,209,46.24,,,97,,,107,,2,1,2
7954,Election_Day,0,0,0,,,,,,,,,,
7954,VBM,0,0,0,,,,,,,,,,
7955,Election_Day,466,127,27.25,,,66,,,59,,,1,1
7955,VBM,466,204,43.78,1,,89,3,,105,2,2,1,1
7956,Election_Day,376,86,22.87,,,46,,,38,,1,1,
7956,VBM,376,176,46.81,1,,83,,1,82,4,,,5
7957,Election_Day,380,101,26.58,,1,50,,,49,,,,1
7957,VBM,380,171,45,,,70,,1,96,1,,1,2
7958,Election_Day,156,9,5.77,,,5,,,4,,,,
7958,VBM,156,76,48.72,,,30,,,46,,,,
9001,Election_Day,125,5,4,,,5,,,,,,,
9001,VBM,125,78,62.4,,,23,,,55,,,,
9101,Election_Day,450,173,38.44,,,108,,1,62,,1,,1
9101,VBM,450,234,52,,,110,,,119,,1,,4
9102,Election_Day,508,184,36.22,,,102,,,80,1,,,1
9102,VBM,508,243,47.83,,,112,1,,125,,2,,3
9103,Election_Day,500,178,35.6,,,91,,,83,1,1,,2
9103,VBM,500,225,45,,,89,,4,126,,1,,5
9104,Election_Day,497,186,37.42,,,114,1,,71,,,,
9104,VBM,497,215,43.26,,1,98,2,1,110,,2,,1
9105,Election_Day,530,206,38.87,,1,98,,,107,,,,
9105,VBM,530,239,45.09,,,83,,,152,,2,,2
9106,Election_Day,534,219,41.01,,,114,1,,102,,1,,1
9106,VBM,534,269,50.37,,,103,,,163,,1,,2
9107,Election_Day,417,174,41.73,,,103,,,68,,,,3
9107,VBM,417,195,46.76,,3,103,1,,87,,,,1
9108,Election_Day,433,180,41.57,,,99,1,,79,,,,1
9108,VBM,433,179,41.34,,,88,,,86,,2,,3
9109,Election_Day,469,180,38.38,,,80,1,,97,,2,,
9109,VBM,469,215,45.84,,,100,,,114,,,,1
9111,Election_Day,403,162,40.2,1,1,89,,,69,,,,2
9111,VBM,403,168,41.69,,,88,,,76,,1,,3
9112,Election_Day,521,181,34.74,,,88,,,91,,,,2
9112,VBM,521,255,48.94,,,109,,,144,2,,,
9113,Election_Day,574,219,38.15,,,105,1,,112,,,,1
9113,VBM,574,266,46.34,,,116,1,,148,,,,1
9114,Election_Day,467,177,37.9,,,91,,,84,,,,2
9114,VBM,467,210,44.97,,,104,,,103,1,,,2
9115,Election_Day,510,181,35.49,,1,114,,,66,,,,
9115,VBM,510,223,43.73,,,99,,,121,2,1,,
9116,Election_Day,509,191,37.52,,,100,1,1,88,,,,1
9116,VBM,509,209,41.06,,,107,1,,97,,1,,3
9117,Election_Day,418,151,36.12,,,91,,,58,,1,,1
9117,VBM,418,211,50.48,,,86,,,120,1,,,4
9118,Election_Day,471,185,39.28,,,114,,,71,,,,
9118,VBM,471,214,45.44,,,101,1,1,104,,2,,5
9119,Election_Day,450,145,32.22,,,88,,,56,,,,1
9119,VBM,450,238,52.89,,,122,1,1,108,,2,1,3
9121,Election_Day,462,185,40.04,,,101,1,,80,,,1,2
9121,VBM,462,205,44.37,,,103,1,1,95,,2,,3
9122,Election_Day,416,143,34.38,,,88,,,54,,1,,
9122,VBM,416,211,50.72,,1,103,,,103,,1,,3
9123,Election_Day,481,185,38.46,,,113,,,71,,,,1
9123,VBM,481,216,44.91,,1,105,,,108,,1,,1
9124,Election_Day,488,163,33.4,,,102,1,,59,,,,1
9124,VBM,488,205,42.01,,,103,,,97,1,1,,3
9125,Election_Day,483,166,34.37,,,105,,,60,,,,1
9125,VBM,483,239,49.48,,,112,,,124,,,,3
9126,Election_Day,500,179,35.8,,1,98,1,,78,,,,1
9126,VBM,500,241,48.2,,,106,1,3,128,,,,3
9127,Election_Day,539,194,35.99,,,99,,,92,1,1,1,
9127,VBM,539,249,46.2,,,89,1,,153,,,,6
9128,Election_Day,456,197,43.2,,1,92,,,104,,,,
9128,VBM,456,209,45.83,,,94,,,111,,1,,3
9129,Election_Day,386,169,43.78,,,92,,1,74,,,,2
9129,VBM,386,160,41.45,,1,73,,,81,,1,,4
9131,Election_Day,426,167,39.2,,,93,,,70,,1,,3
9131,VBM,426,196,46.01,,1,96,,,96,,1,,2
9132,Election_Day,478,202,42.26,,,110,,,85,1,4,1,1
9132,VBM,478,195,40.79,,,95,,1,98,,,,1
9133,Election_Day,564,189,33.51,,1,88,,,99,,,,1
9133,VBM,564,291,51.6,,,119,2,,167,,,,3
9134,Election_Day,453,137,30.24,,,84,,,52,1,,,
9134,VBM,453,216,47.68,,1,107,,1,104,,,,3
9135,Election_Day,402,143,35.57,,,82,,,57,,2,,2
9135,VBM,402,183,45.52,1,,68,,,105,,5,2,2
9136,Election_Day,486,189,38.89,,,109,1,1,77,,,,1
9136,VBM,486,232,47.74,,,112,1,,117,,,,2
9137,Election_Day,445,154,34.61,,,93,1,1,57,,,,2
9137,VBM,445,224,50.34,,,122,,,96,,1,,5
9138,Election_Day,466,126,27.04,,,79,,,45,,,,2
9138,VBM,466,227,48.71,,,82,1,,140,,3,,1
9139,Election_Day,495,161,32.53,,,87,,,72,,,,2
9139,VBM,495,248,50.1,2,6,108,,,130,,,,2
9141,Election_Day,473,163,34.46,,1,101,,,61,,,,
9141,VBM,473,233,49.26,,,116,2,,113,1,,,1
9142,Election_Day,514,200,38.91,,1,110,,,89,,,,
9142,VBM,514,229,44.55,,,114,1,1,106,,2,,5
9143,Election_Day,500,183,36.6,1,,105,,1,76,,,,
9143,VBM,500,216,43.2,,,96,,,113,,3,,4
9144,Election_Day,490,223,45.51,,,136,1,,86,,,,
9144,VBM,490,225,45.92,,,109,,,113,,,,3
9145,Election_Day,481,185,38.46,,,91,1,,90,,,,3
9145,VBM,481,225,46.78,,,87,1,,135,1,,,1
9146,Election_Day,488,220,45.08,,,125,,,94,,,,1
9146,VBM,488,218,44.67,,,112,,2,103,,,,1
9147,Election_Day,519,215,41.43,,1,130,,,82,,1,,1
9147,VBM,519,218,42,,,103,1,1,108,,1,,4
9148,Election_Day,582,253,43.47,,,128,1,,124,,,,
9148,VBM,582,242,41.58,,,115,,,124,,1,,2
9149,Election_Day,544,212,38.97,,,107,,,103,,,,2
9149,VBM,544,244,44.85,,,131,,,111,,,1,1
9151,Election_Day,451,133,29.49,,,57,,1,71,,1,,3
9151,VBM,451,218,48.34,,1,74,,,138,,1,,4
9152,Election_Day,406,103,25.37,,,62,,1,40,,,,
9152,VBM,406,129,31.77,,,71,,,57,,,,1
9201,Election_Day,523,218,41.68,,,135,,,82,,,,1
9201,VBM,523,206,39.39,,1,138,,,67,,,,
9202,Election_Day,448,197,43.97,,,105,,,92,,,,
9202,VBM,448,190,42.41,,,89,,,99,,,,2
9203,Election_Day,380,133,35,,,52,,,77,,,1,3
9203,VBM,380,177,46.58,,,45,,1,130,1,,,
9204,Election_Day,352,131,37.22,,,41,,,89,,1,,
9204,VBM,352,149,42.33,,2,48,,,99,,,,
9205,Election_Day,339,114,33.63,,,40,,,73,,,,1
9205,VBM,339,164,48.38,,1,54,2,1,106,,,,
9206,Election_Day,377,115,30.5,,,48,,,66,,1,,
9206,VBM,377,190,50.4,,2,57,1,,128,,1,,1
9207,Election_Day,367,146,39.78,,,51,,,91,,1,1,2
9207,VBM,367,166,45.23,,,50,,,113,,1,,2
9208,Election_Day,412,157,38.11,,1,50,,,106,,,,
9208,VBM,412,156,37.86,,,57,,,99,,,,
9209,Election_Day,298,124,41.61,,,37,,,86,,1,,
9209,VBM,298,124,41.61,,,35,,,85,,2,,2
9211,Election_Day,374,136,36.36,,,41,1,,94,,,,
9211,VBM,374,155,41.44,,,55,1,,98,,1,,
9212,Election_Day,403,140,34.74,,,61,,1,76,,1,,1
9212,VBM,403,160,39.7,,1,49,1,,109,,,,
9213,Election_Day,400,146,36.5,,,65,,,81,,,,
9213,VBM,400,188,47,,,73,,,114,,,,1
9214,Election_Day,257,86,33.46,,,39,,,47,,,,
9214,VBM,257,130,50.58,,,40,,,89,,,1,
9215,Election_Day,269,100,37.17,,,23,,1,75,,,,1
9215,VBM,269,136,50.56,,1,33,,,101,,1,,
9216,Election_Day,322,130,40.37,,,40,,,89,1,,,
9216,VBM,322,116,36.02,,1,34,,,77,,1,,3
9217,Election_Day,329,120,36.47,,,49,1,,69,,,,1
9217,VBM,329,142,43.16,,,47,,,92,,,,3
9218,Election_Day,358,108,30.17,,,47,1,,58,,,,2
9218,VBM,358,153,42.74,,,46,,,105,,,,2
9219,Election_Day,351,158,45.01,1,,52,,,104,,,,1
9219,VBM,351,133,37.89,,1,43,,,87,,,,2
9221,Election_Day,299,104,34.78,,,28,,1,75,,,,
9221,VBM,299,163,54.52,,,40,,,121,,1,,1
9222,Election_Day,386,129,33.42,,,38,,,91,,,,
9222,VBM,386,206,53.37,,,38,,,164,1,,,3
9223,Election_Day,253,78,30.83,,,30,,,48,,,,
9223,VBM,253,148,58.5,,,49,1,,97,,,,1
9224,Election_Day,435,151,34.71,,,52,,,99,,,,
9224,VBM,435,206,47.36,,,63,,,141,,,,2
9225,Election_Day,414,167,40.34,,,82,,,85,,,,
9225,VBM,414,170,41.06,,,57,,,112,,1,,
9226,Election_Day,379,133,35.09,,,42,,,90,,,,1
9226,VBM,379,189,49.87,,,53,,,133,,,,3
9227,Election_Day,389,136,34.96,,,51,,,83,1,,,1
9227,VBM,389,201,51.67,,,61,,,140,,,,
9228,Election_Day,380,140,36.84,,,45,,,95,,,,
9228,VBM,380,188,49.47,,,49,,2,131,,2,1,3
9229,Election_Day,331,107,32.33,,,39,1,,67,,,,
9229,VBM,331,180,54.38,,,46,,,133,,,,1
9231,Election_Day,577,258,44.71,,,119,,,138,,,,1
9231,VBM,577,245,42.46,,,98,,1,144,,,1,1
9232,Election_Day,396,160,40.4,,,61,,,98,,,,1
9232,VBM,396,172,43.43,,,57,,,114,,,,1
9233,Election_Day,371,145,39.08,,,43,2,,98,,,,2
9233,VBM,371,187,50.4,1,,50,,,132,,1,,3
9234,Election_Day,375,123,32.8,,,38,,,83,,1,,1
9234,VBM,375,178,47.47,,,46,,,128,,,,4
9235,Election_Day,390,148,37.95,,,43,,,105,,,,
9235,VBM,390,195,50,,,43,,,152,,,,
9236,Election_Day,325,125,38.46,,,38,1,,85,1,,,
9236,VBM,325,171,52.62,,,46,,,122,,,,3
9237,Election_Day,433,139,32.1,,,52,1,1,85,,,,
9237,VBM,433,210,48.5,1,,68,,,137,,1,,3
9238,Election_Day,392,122,31.12,,,37,,,85,,,,
9238,VBM,392,190,48.47,,,58,,,129,,1,,2
9239,Election_Day,389,129,33.16,,,37,,,92,,,,
9239,VBM,389,208,53.47,,,42,,,163,,1,,2
9241,Election_Day,444,167,37.61,,,60,,,107,,,,
9241,VBM,444,207,46.62,,,62,,1,143,,,,1
9242,Election_Day,453,170,37.53,,,75,,,94,,,,1
9242,VBM,453,214,47.24,,,57,1,,154,,1,,1
9243,Election_Day,316,129,40.82,,,46,,,80,,,,3
9243,VBM,316,144,45.57,,,50,,,93,,,,1
9244,Election_Day,453,173,38.19,,,63,,,109,,1,,
9244,VBM,453,195,43.05,,1,67,,,126,,,,1
9245,Election_Day,380,138,36.32,,1,54,,1,80,1,1,,
9245,VBM,380,176,46.32,,1,52,,,119,,1,,3
9246,Election_Day,461,174,37.74,,,68,,,105,,,,1
9246,VBM,461,219,47.51,,,71,,,145,,,,3
9247,Election_Day,498,180,36.14,,,86,,,94,,,,
9247,VBM,498,242,48.59,,,73,1,,165,,1,,2
9248,Election_Day,452,157,34.73,,,60,,,97,,,,
9248,VBM,452,225,49.78,,,76,,,147,,,,2
9249,Election_Day,485,194,40,,,74,,,120,,,,
9249,VBM,485,229,47.22,,,82,,,147,,,,
9251,Election_Day,511,203,39.73,,,84,,,116,,2,,1
9251,VBM,511,247,48.34,,,78,,,165,,,,4
9252,Election_Day,491,149,30.35,,,72,,,77,,,,
9252,VBM,491,270,54.99,,,91,,,171,1,2,,5
9253,Election_Day,403,148,36.72,,,68,,,77,,2,,1
9253,VBM,403,171,42.43,,1,47,,,119,,,,4
9254,Election_Day,514,188,36.58,,,74,,,114,,,,
9254,VBM,514,253,49.22,,,78,,,175,,,,
9255,Election_Day,289,129,44.64,,,74,,,54,,,,1
9255,VBM,289,123,42.56,,,54,,,68,,,,1
9256,Election_Day,217,76,35.02,,,32,,,44,,,,
9256,VBM,217,82,37.79,,,25,,,57,,,,
9257,Election_Day,168,13,7.74,,,11,,,2,,,,
9257,VBM,168,137,81.55,,,79,,,56,,,1,1
9258,Election_Day,394,116,29.44,,,63,,,53,,,,
9258,VBM,394,196,49.75,1,1,93,,,101,,,,
9401,Election_Day,517,234,45.26,,,159,,,74,,,,1
9401,VBM,517,217,41.97,,1,126,,,85,,2,,3
9402,Election_Day,555,218,39.28,,,142,2,,72,,,,2
9402,VBM,555,245,44.14,,,135,1,,104,,1,,4
9403,Election_Day,477,167,35.01,,,99,,,66,,,,2
9403,VBM,477,217,45.49,1,1,109,,2,103,,,,1
9404,Election_Day,442,145,32.81,1,,83,,,60,,,,1
9404,VBM,442,177,40.05,,,87,3,2,83,,,1,1
9405,Election_Day,414,167,40.34,,,98,,,66,,2,,1
9405,VBM,414,197,47.58,,,92,,1,100,,,,4
9406,Election_Day,480,178,37.08,,,95,1,,80,,1,,1
9406,VBM,480,202,42.08,,,103,1,,96,,1,,1
9407,Election_Day,485,179,36.91,,,104,,,71,1,,,3
9407,VBM,485,212,43.71,,,113,,1,95,1,,,2
9408,Election_Day,496,198,39.92,,,132,,1,62,,,1,2
9408,VBM,496,216,43.55,,,129,,,86,1,,,
9409,Election_Day,341,158,46.33,,1,104,,,52,,,,1
9409,VBM,341,139,40.76,,2,70,,,65,2,,,
9411,Election_Day,571,232,40.63,,,158,,,71,1,,,2
9411,VBM,571,241,42.21,,,135,,,106,,,,
9412,Election_Day,469,189,40.3,,,112,,,77,,,,
9412,VBM,469,179,38.17,,,101,,,74,1,,,3
9413,Election_Day,466,164,35.19,,,94,,1,65,1,,,3
9413,VBM,466,216,46.35,1,1,98,2,1,112,,,,1
9414,Election_Day,430,153,35.58,,,94,,,55,,,,4
9414,VBM,430,249,57.91,1,1,123,,,122,,,,2
9415,Election_Day,372,128,34.41,,,69,,,55,,,,4
9415,VBM,372,182,48.92,,,85,1,,93,,1,,2
9416,Election_Day,498,200,40.16,,,111,1,,86,,,,2
9416,VBM,498,223,44.78,,,119,,,103,,,,1
9417,Election_Day,348,112,32.18,,,71,,,38,,1,,2
9417,VBM,348,159,45.69,,1,74,,,80,,,,4
9418,Election_Day,380,142,37.37,,,85,1,,55,1,,,
9418,VBM,380,151,39.74,,2,61,,,86,,,,2
9419,Election_Day,421,114,27.08,,1,69,,,44,,,,
9419,VBM,421,212,50.36,,,102,,,105,,,,5
9421,Election_Day,432,123,28.47,1,,72,1,,46,,1,,2
9421,VBM,432,232,53.7,,2,112,,,115,,,,3
9422,Election_Day,490,194,39.59,,1,96,,,94,,1,,2
9422,VBM,490,226,46.12,,2,121,,,101,,,,2
9423,Election_Day,423,135,31.91,,,80,,1,53,,,,1
9423,VBM,423,214,50.59,,,108,,,102,,,,4
9424,Election_Day,437,147,33.64,,,80,1,,65,,,,1
9424,VBM,437,200,45.77,,2,94,1,1,100,,,,2
9425,Election_Day,432,137,31.71,,,91,,,44,,1,,1
9425,VBM,432,194,44.91,,,95,,,96,,,,3
9426,Election_Day,351,116,33.05,,,68,,,46,,,,2
9426,VBM,351,163,46.44,,1,84,,,75,,1,,2
9427,Election_Day,412,120,29.13,,1,67,,,50,,,,2
9427,VBM,412,200,48.54,,4,90,,1,97,,1,,7
9428,Election_Day,434,107,24.65,,,83,,,24,,,,
9428,VBM,434,236,54.38,,,102,3,,126,1,1,,3
9429,Election_Day,421,157,37.29,,1,96,,,59,,,,1
9429,VBM,421,181,42.99,,,87,,,91,2,,,1
9431,Election_Day,442,146,33.03,,,80,,,62,,1,,3
9431,VBM,442,238,53.85,,,88,1,1,143,,,,5
9432,Election_Day,425,153,36,,,80,,,71,1,,,1
9432,VBM,425,186,43.76,,1,76,,,103,1,2,,3
9433,Election_Day,439,127,28.93,,,74,1,,51,,,,1
9433,VBM,439,219,49.89,,,111,1,,101,,1,,5
9434,Election_Day,480,179,37.29,,,100,,,79,,,,
9434,VBM,480,230,47.92,,,93,,,133,1,1,,2
9435,Election_Day,466,174,37.34,,,103,,,68,,,,3
9435,VBM,466,215,46.14,,,83,1,1,124,,,,6
9436,Election_Day,448,143,31.92,,,82,2,,58,,,,1
9436,VBM,448,222,49.55,,1,106,,,111,,,,4
9437,Election_Day,412,133,32.28,1,,81,,,48,,,,3
9437,VBM,412,197,47.82,,,91,1,,98,,3,,4
9438,Election_Day,445,129,28.99,,,74,,1,53,,1,,
9438,VBM,445,223,50.11,,,91,,1,126,2,,,3
9439,Election_Day,425,132,31.06,,,74,1,1,55,1,,,
9439,VBM,425,194,45.65,,1,82,4,2,100,,1,,4
9441,Election_Day,490,162,33.06,1,1,93,,,66,,,,1
9441,VBM,490,241,49.18,,,110,2,,123,,,,6
9442,Election_Day,480,188,39.17,,,111,,,73,,3,,1
9442,VBM,480,212,44.17,,,110,1,,91,,2,,8
9443,Election_Day,449,169,37.64,,,87,1,,81,,,,
9443,VBM,449,194,43.21,1,,87,2,,99,,4,,1
9444,Election_Day,417,100,23.98,,,69,,,27,,,1,3
9444,VBM,417,207,49.64,,,100,,,99,,2,,6
9445,Election_Day,485,161,33.2,,,94,1,,64,,,,2
9445,VBM,485,240,49.48,1,,112,,2,123,1,,,1
9446,Election_Day,543,187,34.44,1,,106,,,80,,,,
9446,VBM,543,265,48.8,1,,121,,,135,,1,,7
9447,Election_Day,484,154,31.82,,,88,,,65,,,,1
9447,VBM,484,235,48.55,,1,97,,1,131,,,,5
9448,Election_Day,420,141,33.57,1,,89,,,45,,,,6
9448,VBM,420,210,50,,,91,,1,113,,3,,2
9449,Election_Day,385,101,26.23,,,66,,,34,1,,,
9449,VBM,385,182,47.27,,2,83,,,94,,,,3
9451,Election_Day,217,76,35.02,,1,43,,,32,,,,
9451,VBM,217,104,47.93,,,42,,,60,,1,,1
9452,Election_Day,401,170,42.39,,,83,,1,84,,1,,1
9452,VBM,401,184,45.89,,,87,,,94,,,,3
9453,Election_Day,253,74,29.25,,,38,,,36,,,,
9453,VBM,253,132,52.17,1,,63,,,64,,2,,2
9501,Election_Day,78,2,2.56,,,2,,,,,,,
9501,VBM,78,55,70.51,,,21,,,32,1,,,1
9502,Election_Day,120,6,5,,,1,,,5,,,,
9502,VBM,120,103,85.83,,,49,,,53,,,,1
9505,Election_Day,515,138,26.8,,,55,,,83,,,,
9505,VBM,515,204,39.61,,,64,,,137,1,,,2
9506,Election_Day,448,142,31.7,,,65,,,76,,,1,
9506,VBM,448,150,33.48,,,57,,,93,,,,
9507,Election_Day,486,174,35.8,,,95,,1,76,,,,2
9507,VBM,486,239,49.18,,,119,,,118,,,,2
9508,Election_Day,517,218,42.17,,,129,,,89,,,,
9508,VBM,517,202,39.07,,,106,,,92,,,,4
9509,Election_Day,420,175,41.67,,,104,,,71,,,,
9509,VBM,420,182,43.33,,,92,,,88,,,,2
9511,Election_Day,364,152,41.76,,,84,,,67,,1,,
9511,VBM,364,147,40.38,,1,66,,,79,,,,1
9512,Election_Day,492,177,35.98,,,98,,,78,1,,,
9512,VBM,492,238,48.37,,1,127,,,110,,,,
9513,Election_Day,585,194,33.16,,,105,,,88,,,,1
9513,VBM,585,221,37.78,,1,115,,1,103,,1,,
9515,Election_Day,415,210,50.6,,,125,,,85,,,,
9515,VBM,415,181,43.61,,,91,,,84,,2,,4
9516,Election_Day,495,196,39.6,,,104,,1,90,,,,1
9516,VBM,495,223,45.05,,1,102,1,,110,1,1,1,6
9517,Election_Day,475,199,41.89,,,116,,,79,,1,,3
9517,VBM,475,231,48.63,,2,123,,,105,,,,1
9518,Election_Day,468,197,42.09,,,90,,,101,1,2,,3
9518,VBM,468,208,44.44,,,95,1,,112,,,,
9519,Election_Day,508,221,43.5,,,108,,,112,,,,1
9519,VBM,508,237,46.65,,,101,,,136,,,,
9521,Election_Day,569,257,45.17,,,149,1,,106,1,,,
9521,VBM,569,251,44.11,,,122,,,129,,,,
9701,Election_Day,383,184,48.04,,,113,,,69,,1,,1
9701,VBM,383,175,45.69,,,78,,,94,,,,3
9702,Election_Day,430,208,48.37,,1,111,,,96,,,,
9702,VBM,430,161,37.44,,,76,1,,78,,1,,5
9703,Election_Day,489,159,32.52,,,78,,,81,,,,
9703,VBM,489,231,47.24,,1,99,,,129,,,,2
9704,Election_Day,541,192,35.49,,,88,2,,100,,1,,1
9704,VBM,541,259,47.87,,1,109,,,142,,3,,4
9705,Election_Day,549,247,44.99,,,123,1,,122,,,,1
9705,VBM,549,244,44.44,,1,113,,1,128,,,,1
9706,Election_Day,28,1,3.57,,,1,,,,,,,
9706,VBM,28,34,121.43,,,16,,,18,,,,
9707,Election_Day,389,122,31.36,,,51,2,,67,,2,,
9707,VBM,389,210,53.98,,,76,1,,130,,,,3
9708,Election_Day,526,205,38.97,,,110,,,92,,,,3
9708,VBM,526,254,48.29,,1,95,,,157,,,,1
9709,Election_Day,464,160,34.48,,,87,,,72,,,,1
9709,VBM,464,230,49.57,,,93,3,1,130,,1,,2
9711,Election_Day,344,133,38.66,,,63,,,68,,,,2
9711,VBM,344,192,55.81,,,81,,,105,,4,,2
9712,Election_Day,358,132,36.87,,,51,,,81,,,,
9712,VBM,358,194,54.19,,,64,,,129,,,,1
9713,Election_Day,479,148,30.9,,,81,,,66,,,,1
9713,VBM,479,239,49.9,,1,100,1,,132,,2,,3
9714,Election_Day,489,160,32.72,,,70,,,85,,,1,4
9714,VBM,489,279,57.06,,1,87,1,,188,,,,2
9715,Election_Day,319,152,47.65,,,53,1,,98,,,,
9715,VBM,319,135,42.32,1,1,25,,,106,,1,,1
9716,Election_Day,512,166,32.42,,,80,,1,81,,1,,3
9716,VBM,512,241,47.07,1,1,104,1,,133,,,,1
9717,Election_Day,534,188,35.21,,,98,1,,85,,,,4
9717,VBM,534,256,47.94,1,,102,,,150,,2,,1
9718,Election_Day,454,160,35.24,,,65,1,,92,,,,2
9718,VBM,454,273,60.13,1,,101,1,2,163,,1,,4
9719,Election_Day,491,175,35.64,,,78,,,96,,,,1
9719,VBM,491,264,53.77,1,1,93,3,1,161,1,1,,2
9721,Election_Day,357,149,41.74,,,43,,,103,,1,,2
9721,VBM,357,163,45.66,,,40,,,119,,,,4
9722,Election_Day,322,82,25.47,,,41,,,41,,,,
9722,VBM,322,191,59.32,,,76,,,111,,1,,3
9723,Election_Day,187,47,25.13,,,25,,,21,,1,,
9723,VBM,187,114,60.96,,,35,,,74,,1,1,3
9724,Election_Day,400,123,30.75,2,,58,,,62,,,,1
9724,VBM,400,211,52.75,1,,72,,,131,,3,,4
9725,Election_Day,440,121,27.5,,1,57,1,,59,,,,3
9725,VBM,440,214,48.64,,1,81,,,122,,1,,9
9726,Election_Day,384,115,29.95,,,76,,,39,,,,
9726,VBM,384,138,35.94,,,82,,,53,,1,1,1
9727,Election_Day,195,43,22.05,,,19,,,24,,,,
9727,VBM,195,105,53.85,,,40,1,,62,,1,,1
9728,Election_Day,481,151,31.39,,1,68,1,,79,,1,,1
9728,VBM,481,238,49.48,,,76,,1,157,,2,,2
9729,Election_Day,353,119,33.71,,,40,,,79,,,,
9729,VBM,353,203,57.51,,,59,,,142,,,,2
9731,Election_Day,269,111,41.26,,,31,,,80,,,,
9731,VBM,269,125,46.47,,,46,,,79,,,,
9732,Election_Day,41,4,9.76,,,1,,,3,,,,
9732,VBM,41,40,97.56,,,11,,1,27,,,,1
9733,Election_Day,140,4,2.86,,,3,,,1,,,,
9733,VBM,140,114,81.43,,,34,,,78,,1,,1
9734,Election_Day,321,107,33.33,,1,22,,,82,1,,,1
9734,VBM,321,173,53.89,,,36,2,,132,,1,,2
9735,Election_Day,416,124,29.81,,,42,,,81,,1,,
9735,VBM,416,237,56.97,,,72,1,,162,,,,2
9736,Election_Day,406,131,32.27,,,50,,,81,,,,
9736,VBM,406,228,56.16,,,72,,,150,,2,,4
9737,Election_Day,502,156,31.08,,,68,,,86,,2,,
9737,VBM,502,290,57.77,,,116,,,169,,4,,1
9738,Election_Day,419,140,33.41,,,94,,,44,,,,2
9738,VBM,419,186,44.39,,1,78,,2,102,,1,,2
9739,Election_Day,464,148,31.9,,,98,,,46,,,,4
9739,VBM,464,170,36.64,,,93,,,73,,1,,3
9741,Election_Day,384,50,13.02,,1,45,,,4,,,,
9741,VBM,384,46,11.98,,,41,,,5,,,,
9742,Election_Day,277,93,33.57,,,40,,,52,,1,,
9742,VBM,277,122,44.04,,,48,,,70,,,,4
9743,Election_Day,613,194,31.65,,,141,,,53,,,,
9743,VBM,613,264,43.07,1,2,117,,,141,,2,,1
9744,Election_Day,502,176,35.06,,,118,,,57,,,1,
9744,VBM,502,175,34.86,,,90,,,83,,1,,1
9745,Election_Day,543,157,28.91,,1,118,,,37,1,,,
9745,VBM,543,192,35.36,1,1,112,2,,75,,,,1
9746,Election_Day,455,159,34.95,,,81,,1,76,,,,1
9746,VBM,455,234,51.43,,,100,,1,130,,1,,2
9747,Election_Day,526,194,36.88,,,105,,,87,1,,,1
9747,VBM,526,262,49.81,,,123,1,,135,,,1,2
9748,Election_Day,504,165,32.74,,,75,,,88,1,,,1
9748,VBM,504,251,49.8,,1,97,,,147,,2,1,3
9749,Election_Day,453,154,34,,,94,1,,57,1,,,1
9749,VBM,453,183,40.4,,1,92,,1,88,,1,,
9751,Election_Day,531,164,30.89,,1,86,,,75,,,,2
9751,VBM,531,280,52.73,,,107,1,,172,,,,
9752,Election_Day,416,146,35.1,,1,75,,,68,1,1,,
9752,VBM,416,237,56.97,,1,93,,,137,,,,6
9753,Election_Day,406,134,33,,,62,,,70,,1,,1
9753,VBM,406,207,50.99,,,90,,,110,1,1,,5
9754,Election_Day,437,150,34.32,,,75,,,75,,,,
9754,VBM,437,231,52.86,,,75,,1,154,,,,1
9755,Election_Day,367,121,32.97,,,66,,2,52,,,,1
9755,VBM,367,173,47.14,,,78,1,,92,,1,,1
9756,Election_Day,485,141,29.07,,,69,,,71,,1,,
9756,VBM,485,226,46.6,,,103,,,113,,3,1,6
9801,Election_Day,243,80,32.92,,,35,,,44,,,,1
9801,VBM,243,112,46.09,,1,60,,1,48,,,,2
9900,Election_Day,0,0,0,,,,,,,,,,
9900,VBM,0,0,0,,,,,,,,,,
9901,Election_Day,0,0,0,,,,,,,,,,
9901,VBM,0,0,0,,,,,,,,,,
9902,Election_Day,0,0,0,,,,,,,,,,
9902,VBM,0,0,0,,,,,,,,,,
1104-1105,Election_Day,515,168,32.62,,,94,1,,70,,,,3
1104-1105,VBM,515,213,41.36,,,94,1,,116,,,,2
7509-7511,Election_Day,560,176,31.43,,,86,,,88,,,,2
7509-7511,VBM,560,272,48.57,,,105,,,163,,2,,2
7527-7528,Election_Day,447,175,39.15,,,88,,,85,,,,2
7527-7528,VBM,447,179,40.04,,2,83,,,93,,,1,
7556-7557,Election_Day,630,253,40.16,,,103,1,1,147,1,,,
7556-7557,VBM,630,317,50.32,,,108,,,207,,,,2
9503-9504,Election_Day,432,121,28.01,,,47,,1,73,,,,
9503-9504,VBM,432,184,42.59,,,66,,,117,,,1,
9514-9522,Election_Day,570,254,44.56,,,138,,,115,,,,1
9514-9522,VBM,570,247,43.33,,,108,,,137,,,,2
